year,area,age20~29,age30~34
2000,新北市,628142,311059
2000,板橋區,100126,40746
2000,三重區,72672,31616
2000,中和區,72781,34161
2000,永和區,36835,17954
2000,新莊區,67949,30408
2000,新店區,42426,24550
2000,樹林區,27079,13165
2000,鶯歌區,14525,6717
2000,三峽區,13049,8020
2000,淡水區,19516,11788
2000,汐止區,26620,18921
2000,瑞芳區,8037,4211
2000,土城區,37962,20947
2000,蘆洲區,27943,15379
2000,五股區,12003,6932
2000,泰山區,11643,4860
2000,林口區,7958,4886
2000,深坑區,3351,2139
2000,石碇區,1111,608
2000,坪林區,911,533
2000,三芝區,3826,2152
2000,石門區,2068,905
2000,八里區,4917,2959
2000,平溪區,860,538
2000,雙溪區,1684,812
2000,貢寮區,2507,1245
2000,金山區,3920,1946
2000,萬里區,3143,1648
2000,烏來區,720,313
2001,新北市,643122,310135
2001,板橋區,102864,41472
2001,三重區,74003,31596
2001,中和區,74550,34759
2001,永和區,37144,17931
2001,新莊區,70548,30244
2001,新店區,43046,24742
2001,樹林區,28102,12996
2001,鶯歌區,15094,6705
2001,三峽區,13092,7774
2001,淡水區,20107,11966
2001,汐止區,26891,18587
2001,瑞芳區,7856,4021
2001,土城區,38883,20137
2001,蘆洲區,29247,15158
2001,五股區,12108,6730
2001,泰山區,12007,4785
2001,林口區,8059,4787
2001,深坑區,3299,2099
2001,石碇區,1121,608
2001,坪林區,904,537
2001,三芝區,3836,2099
2001,石門區,2164,912
2001,八里區,5070,2930
2001,平溪區,955,580
2001,雙溪區,1788,839
2001,貢寮區,2459,1269
2001,金山區,3989,1911
2001,萬里區,3121,1606
2001,烏來區,815,355
2002,新北市,655907,311133
2002,板橋區,105053,42869
2002,三重區,74897,31736
2002,中和區,76044,35189
2002,永和區,37543,17964
2002,新莊區,72962,30493
2002,新店區,43636,24851
2002,樹林區,28987,12921
2002,鶯歌區,15539,6726
2002,三峽區,13106,7524
2002,淡水區,20358,11980
2002,汐止區,26828,18054
2002,瑞芳區,7675,3918
2002,土城區,40060,19904
2002,蘆洲區,30589,15049
2002,五股區,12574,6623
2002,泰山區,12480,4867
2002,林口區,8176,4778
2002,深坑區,3384,2005
2002,石碇區,1071,599
2002,坪林區,903,566
2002,三芝區,3812,2081
2002,石門區,2166,960
2002,八里區,5122,2933
2002,平溪區,859,511
2002,雙溪區,1712,812
2002,貢寮區,2513,1380
2002,金山區,3943,1879
2002,萬里區,3079,1600
2002,烏來區,836,361
2003,新北市,666348,310234
2003,板橋區,106696,43870
2003,三重區,75433,31650
2003,中和區,76804,35498
2003,永和區,37737,18089
2003,新莊區,74724,30539
2003,新店區,44372,24972
2003,樹林區,29652,12817
2003,鶯歌區,15792,6566
2003,三峽區,13189,7339
2003,淡水區,20671,11814
2003,汐止區,27315,17432
2003,瑞芳區,7477,3742
2003,土城區,41514,19362
2003,蘆洲區,31755,14953
2003,五股區,12793,6491
2003,泰山區,13238,5254
2003,林口區,8142,4666
2003,深坑區,3422,1910
2003,石碇區,1071,561
2003,坪林區,878,541
2003,三芝區,3785,2019
2003,石門區,2096,956
2003,八里區,5222,2787
2003,平溪區,805,469
2003,雙溪區,1628,761
2003,貢寮區,2297,1347
2003,金山區,3874,1856
2003,萬里區,3131,1580
2003,烏來區,835,393
2004,新北市,671934,309290
2004,板橋區,107130,44578
2004,三重區,75076,31610
2004,中和區,77072,35659
2004,永和區,37602,18266
2004,新莊區,75809,30886
2004,新店區,45181,24672
2004,樹林區,30020,12619
2004,鶯歌區,16032,6506
2004,三峽區,13385,7002
2004,淡水區,20692,11801
2004,汐止區,27537,16729
2004,瑞芳區,7277,3491
2004,土城區,42463,18804
2004,蘆洲區,33020,15177
2004,五股區,12986,6408
2004,泰山區,13706,5762
2004,林口區,8272,4615
2004,深坑區,3438,1831
2004,石碇區,1060,532
2004,坪林區,848,525
2004,三芝區,3703,1940
2004,石門區,2027,959
2004,八里區,5315,2711
2004,平溪區,763,414
2004,雙溪區,1574,750
2004,貢寮區,2171,1336
2004,金山區,3844,1806
2004,萬里區,3093,1498
2004,烏來區,838,403
2005,新北市,671937,309752
2005,板橋區,106060,45226
2005,三重區,74235,31530
2005,中和區,76625,35768
2005,永和區,37353,18356
2005,新莊區,75966,31522
2005,新店區,45163,24237
2005,樹林區,30168,12540
2005,鶯歌區,16164,6632
2005,三峽區,13698,6878
2005,淡水區,20604,11479
2005,汐止區,27518,16185
2005,瑞芳區,7004,3336
2005,土城區,42957,18372
2005,蘆洲區,33677,15563
2005,五股區,13212,6423
2005,泰山區,13928,6291
2005,林口區,8647,4699
2005,深坑區,3491,1745
2005,石碇區,1052,565
2005,坪林區,904,530
2005,三芝區,3637,1874
2005,石門區,2026,1012
2005,八里區,5372,2654
2005,平溪區,902,458
2005,雙溪區,1635,733
2005,貢寮區,2115,1343
2005,金山區,3784,1820
2005,萬里區,3144,1562
2005,烏來區,896,419
2006,新北市,655092,322503
2006,板橋區,102243,47772
2006,三重區,71587,32991
2006,中和區,74076,37203
2006,永和區,35902,19123
2006,新莊區,74500,33553
2006,新店區,43962,24545
2006,樹林區,29873,13208
2006,鶯歌區,15931,6848
2006,三峽區,13796,7263
2006,淡水區,20078,11636
2006,汐止區,27110,16372
2006,瑞芳區,6723,3290
2006,土城區,42314,18861
2006,蘆洲區,33475,16309
2006,五股區,12930,6516
2006,泰山區,13918,7176
2006,林口區,8890,5199
2006,深坑區,3414,1734
2006,石碇區,1008,529
2006,坪林區,847,493
2006,三芝區,3540,1793
2006,石門區,1953,1027
2006,八里區,5310,2736
2006,平溪區,717,412
2006,雙溪區,1410,696
2006,貢寮區,1955,1285
2006,金山區,3682,1844
2006,萬里區,3041,1636
2006,烏來區,907,453
2007,新北市,646667,331334
2007,板橋區,99888,49507
2007,三重區,70120,33827
2007,中和區,72046,37977
2007,永和區,34813,19345
2007,新莊區,73685,35461
2007,新店區,43351,24197
2007,樹林區,30019,13870
2007,鶯歌區,15816,7083
2007,三峽區,14310,7728
2007,淡水區,19963,11690
2007,汐止區,26991,16278
2007,瑞芳區,6538,3173
2007,土城區,42229,19274
2007,蘆洲區,33612,16866
2007,五股區,12876,6631
2007,泰山區,13623,7863
2007,林口區,9558,5840
2007,深坑區,3424,1830
2007,石碇區,1004,524
2007,坪林區,817,466
2007,三芝區,3469,1776
2007,石門區,1924,1033
2007,八里區,5292,2756
2007,平溪區,642,400
2007,雙溪區,1339,689
2007,貢寮區,1858,1258
2007,金山區,3534,1899
2007,萬里區,3038,1640
2007,烏來區,888,453
2008,新北市,639151,344340
2008,板橋區,97690,51684
2008,三重區,68697,35395
2008,中和區,70364,39316
2008,永和區,33967,19734
2008,新莊區,72580,37449
2008,新店區,42946,24185
2008,樹林區,30173,14887
2008,鶯歌區,15596,7534
2008,三峽區,14530,8180
2008,淡水區,20066,12002
2008,汐止區,26754,16601
2008,瑞芳區,6377,3187
2008,土城區,42409,19868
2008,蘆洲區,33748,17589
2008,五股區,12789,6713
2008,泰山區,13268,8359
2008,林口區,10373,6771
2008,深坑區,3468,1878
2008,石碇區,981,543
2008,坪林區,797,449
2008,三芝區,3385,1750
2008,石門區,1898,1043
2008,八里區,5285,2862
2008,平溪區,590,379
2008,雙溪區,1258,697
2008,貢寮區,1800,1173
2008,金山區,3397,1976
2008,萬里區,3062,1680
2008,烏來區,903,456
2009,新北市,623647,361054
2009,板橋區,93836,54102
2009,三重區,66798,37534
2009,中和區,67815,41128
2009,永和區,32744,20188
2009,新莊區,70283,39472
2009,新店區,42214,24591
2009,樹林區,29831,16087
2009,鶯歌區,15239,7821
2009,三峽區,14650,8523
2009,淡水區,20131,12608
2009,汐止區,26400,17485
2009,瑞芳區,6147,3273
2009,土城區,41573,21083
2009,蘆洲區,33263,18478
2009,五股區,12623,6952
2009,泰山區,12772,8649
2009,林口區,10938,7706
2009,深坑區,3434,1960
2009,石碇區,1019,540
2009,坪林區,786,445
2009,三芝區,3283,1748
2009,石門區,1866,1099
2009,八里區,5228,2994
2009,平溪區,585,381
2009,雙溪區,1226,713
2009,貢寮區,1717,1148
2009,金山區,3273,2047
2009,萬里區,3072,1809
2009,烏來區,901,490
2010,新北市,612282,369383
2010,板橋區,90851,55463
2010,三重區,65147,38595
2010,中和區,65604,41690
2010,永和區,31539,20005
2010,新莊區,68635,40666
2010,新店區,41798,24680
2010,樹林區,29722,17149
2010,鶯歌區,14937,8105
2010,三峽區,14970,8875
2010,淡水區,20196,12850
2010,汐止區,26370,17852
2010,瑞芳區,6064,3223
2010,土城區,41184,21776
2010,蘆洲區,32897,18800
2010,五股區,12607,7220
2010,泰山區,12271,8595
2010,林口區,11372,8276
2010,深坑區,3435,1977
2010,石碇區,983,551
2010,坪林區,752,441
2010,三芝區,3233,1762
2010,石門區,1842,1140
2010,八里區,5336,3083
2010,平溪區,560,342
2010,雙溪區,1165,750
2010,貢寮區,1643,1090
2010,金山區,3214,2044
2010,萬里區,3050,1867
2010,烏來區,905,516
2011,新北市,595867,365721
2011,板橋區,86844,55078
2011,三重區,62794,38218
2011,中和區,62714,41029
2011,永和區,30277,19060
2011,新莊區,66618,40614
2011,新店區,41081,23764
2011,樹林區,29496,17687
2011,鶯歌區,14418,8409
2011,三峽區,15143,8849
2011,淡水區,20186,12744
2011,汐止區,26259,17205
2011,瑞芳區,5942,3170
2011,土城區,40437,22139
2011,蘆洲區,32288,18621
2011,五股區,12576,7278
2011,泰山區,11780,8389
2011,林口區,11446,8176
2011,深坑區,3480,1932
2011,石碇區,928,540
2011,坪林區,729,398
2011,三芝區,3224,1760
2011,石門區,1801,1161
2011,八里區,5307,3060
2011,平溪區,509,313
2011,雙溪區,1079,690
2011,貢寮區,1543,997
2011,金山區,3102,2056
2011,萬里區,2970,1868
2011,烏來區,896,516
2012,新北市,580083,367141
2012,板橋區,82813,55513
2012,三重區,60236,38256
2012,中和區,60139,40847
2012,永和區,29238,18775
2012,新莊區,64852,40946
2012,新店區,40475,23776
2012,樹林區,28981,17930
2012,鶯歌區,14085,8559
2012,三峽區,15287,8996
2012,淡水區,20388,12990
2012,汐止區,25956,17175
2012,瑞芳區,5831,3135
2012,土城區,39448,22507
2012,蘆洲區,31836,18765
2012,五股區,12495,7379
2012,泰山區,11346,8170
2012,林口區,11556,8247
2012,深坑區,3436,1929
2012,石碇區,908,541
2012,坪林區,733,382
2012,三芝區,3189,1796
2012,石門區,1756,1170
2012,八里區,5289,3047
2012,平溪區,478,286
2012,雙溪區,1034,670
2012,貢寮區,1459,972
2012,金山區,3062,2006
2012,萬里區,2881,1868
2012,烏來區,896,508
2013,新北市,569106,359907
2013,板橋區,79436,53879
2013,三重區,58276,37475
2013,中和區,57912,39563
2013,永和區,28430,18123
2013,新莊區,63779,40194
2013,新店區,40076,23405
2013,樹林區,28483,17817
2013,鶯歌區,13763,8528
2013,三峽區,15578,8907
2013,淡水區,20774,13160
2013,汐止區,26058,16666
2013,瑞芳區,5768,3134
2013,土城區,38652,22498
2013,蘆洲區,31441,18214
2013,五股區,12525,7351
2013,泰山區,11064,7886
2013,林口區,12037,8248
2013,深坑區,3406,1892
2013,石碇區,878,515
2013,坪林區,740,371
2013,三芝區,3198,1740
2013,石門區,1737,1141
2013,八里區,5397,3071
2013,平溪區,434,284
2013,雙溪區,1025,629
2013,貢寮區,1443,926
2013,金山區,3022,1943
2013,萬里區,2875,1829
2013,烏來區,899,518
2014,新北市,558050,347582
2014,板橋區,76196,51971
2014,三重區,56292,35952
2014,中和區,55692,37656
2014,永和區,27533,17258
2014,新莊區,62517,38996
2014,新店區,39642,22861
2014,樹林區,27761,17237
2014,鶯歌區,13419,8494
2014,三峽區,15931,8703
2014,淡水區,21117,12890
2014,汐止區,26129,15803
2014,瑞芳區,5707,3028
2014,土城區,37853,22075
2014,蘆洲區,31194,17610
2014,五股區,12501,7209
2014,泰山區,10869,7398
2014,林口區,12458,8056
2014,深坑區,3446,1765
2014,石碇區,875,501
2014,坪林區,744,365
2014,三芝區,3250,1710
2014,石門區,1763,1088
2014,八里區,5541,3075
2014,平溪區,422,277
2014,雙溪區,1025,621
2014,貢寮區,1423,865
2014,金山區,2980,1860
2014,萬里區,2856,1731
2014,烏來區,914,527
2015,新北市,551092,330604
2015,板橋區,73878,49151
2015,三重區,54828,34260
2015,中和區,54130,35529
2015,永和區,27049,16298
2015,新莊區,61532,37095
2015,新店區,39478,22056
2015,樹林區,27349,16369
2015,鶯歌區,13033,7915
2015,三峽區,16137,8434
2015,淡水區,21440,12465
2015,汐止區,26412,14796
2015,瑞芳區,5639,2926
2015,土城區,37432,21171
2015,蘆洲區,31260,16890
2015,五股區,12671,6919
2015,泰山區,10777,6916
2015,林口區,12785,7710
2015,深坑區,3465,1671
2015,石碇區,875,488
2015,坪林區,732,357
2015,三芝區,3291,1650
2015,石門區,1771,1001
2015,八里區,5604,2998
2015,平溪區,409,259
2015,雙溪區,1020,559
2015,貢寮區,1385,822
2015,金山區,2983,1750
2015,萬里區,2815,1618
2015,烏來區,912,531
2016,新北市,551801,307673
2016,板橋區,72578,45200
2016,三重區,54273,31833
2016,中和區,53722,32827
2016,永和區,26940,15093
2016,新莊區,61321,34580
2016,新店區,39682,20883
2016,樹林區,27420,15163
2016,鶯歌區,13006,7193
2016,三峽區,16509,8095
2016,淡水區,21937,11791
2016,汐止區,27047,13861
2016,瑞芳區,5598,2774
2016,土城區,37420,19780
2016,蘆洲區,31493,15741
2016,五股區,13041,6640
2016,泰山區,10805,6295
2016,林口區,13310,7265
2016,深坑區,3543,1583
2016,石碇區,885,446
2016,坪林區,741,338
2016,三芝區,3344,1518
2016,石門區,1832,901
2016,八里區,5764,2841
2016,平溪區,400,220
2016,雙溪區,1003,496
2016,貢寮區,1365,755
2016,金山區,3088,1593
2016,萬里區,2809,1487
2016,烏來區,925,481
2017,新北市,550395,288668
2017,板橋區,71566,41625
2017,三重區,53404,29751
2017,中和區,52877,30254
2017,永和區,26898,14040
2017,新莊區,60977,32749
2017,新店區,39951,19824
2017,樹林區,27146,14366
2017,鶯歌區,12828,6618
2017,三峽區,16621,7938
2017,淡水區,22498,11318
2017,汐止區,27679,12917
2017,瑞芳區,5530,2604
2017,土城區,37011,18819
2017,蘆洲區,31572,15013
2017,五股區,13284,6302
2017,泰山區,10820,5771
2017,林口區,13787,6948
2017,深坑區,3602,1468
2017,石碇區,878,442
2017,坪林區,767,338
2017,三芝區,3383,1428
2017,石門區,1828,829
2017,八里區,5793,2711
2017,平溪區,401,203
2017,雙溪區,990,427
2017,貢寮區,1368,686
2017,金山區,3126,1449
2017,萬里區,2858,1367
2017,烏來區,952,463
2018,新北市,535356,281478
2018,板橋區,68926,40267
2018,三重區,51180,28833
2018,中和區,51052,29120
2018,永和區,25997,13535
2018,新莊區,58883,32085
2018,新店區,39194,19507
2018,樹林區,26347,13729
2018,鶯歌區,12566,6432
2018,三峽區,16527,7807
2018,淡水區,22380,11321
2018,汐止區,27501,12586
2018,瑞芳區,5338,2586
2018,土城區,35584,18351
2018,蘆洲區,30686,14892
2018,五股區,13259,6328
2018,泰山區,10500,5479
2018,林口區,13932,7170
2018,深坑區,3547,1467
2018,石碇區,906,420
2018,坪林區,786,343
2018,三芝區,3288,1377
2018,石門區,1762,778
2018,八里區,5747,2671
2018,平溪區,381,193
2018,雙溪區,959,400
2018,貢寮區,1330,652
2018,金山區,3076,1373
2018,萬里區,2763,1313
2018,烏來區,959,463
2019,新北市,530122,273619
2019,板橋區,67566,38601
2019,三重區,50321,27769
2019,中和區,50270,27746
2019,永和區,25681,12956
2019,新莊區,57982,31075
2019,新店區,38716,19149
2019,樹林區,26007,13228
2019,鶯歌區,12545,6285
2019,三峽區,16599,7630
2019,淡水區,22803,11445
2019,汐止區,27822,12503
2019,瑞芳區,5206,2513
2019,土城區,34983,17989
2019,蘆洲區,30296,14552
2019,五股區,13454,6396
2019,泰山區,10378,5206
2019,林口區,14350,7467
2019,深坑區,3500,1466
2019,石碇區,918,404
2019,坪林區,770,354
2019,三芝區,3223,1299
2019,石門區,1688,740
2019,八里區,5829,2617
2019,平溪區,362,192
2019,雙溪區,930,370
2019,貢寮區,1268,620
2019,金山區,3037,1284
2019,萬里區,2682,1296
2019,烏來區,936,467
2020,新北市,523725,274593
2020,板橋區,66278,37932
2020,三重區,49320,27358
2020,中和區,49378,27452
2020,永和區,25231,12772
2020,新莊區,56996,31146
2020,新店區,38212,19222
2020,樹林區,25609,13142
2020,鶯歌區,12461,6448
2020,三峽區,16655,7789
2020,淡水區,23148,11842
2020,汐止區,27871,13026
2020,瑞芳區,5030,2521
2020,土城區,34229,18035
2020,蘆洲區,29974,14936
2020,五股區,13521,6599
2020,泰山區,10278,5192
2020,林口區,14792,8030
2020,深坑區,3495,1533
2020,石碇區,923,383
2020,坪林區,773,355
2020,三芝區,3185,1304
2020,石門區,1643,727
2020,八里區,5753,2671
2020,平溪區,346,184
2020,雙溪區,872,375
2020,貢寮區,1267,586
2020,金山區,2927,1289
2020,萬里區,2634,1278
2020,烏來區,924,466
2021,新北市,508564,276693
2021,板橋區,64105,37417
2021,三重區,47573,27228
2021,中和區,47751,27134
2021,永和區,24153,12666
2021,新莊區,55084,31174
2021,新店區,36938,19479
2021,樹林區,24809,13125
2021,鶯歌區,12288,6556
2021,三峽區,16309,7873
2021,淡水區,22922,12297
2021,汐止區,27392,13622
2021,瑞芳區,4866,2557
2021,土城區,32793,18401
2021,蘆洲區,29021,15213
2021,五股區,13370,7019
2021,泰山區,10039,5150
2021,林口區,14793,8328
2021,深坑區,3392,1628
2021,石碇區,924,395
2021,坪林區,767,348
2021,三芝區,3108,1351
2021,石門區,1603,714
2021,八里區,5821,2794
2021,平溪區,326,189
2021,雙溪區,825,387
2021,貢寮區,1240,571
2021,金山區,2865,1312
2021,萬里區,2585,1294
2021,烏來區,902,471
2022,新北市,492419,277959
2022,板橋區,61966,36930
2022,三重區,45818,27294
2022,中和區,46194,26895
2022,永和區,23308,12525
2022,新莊區,53148,31105
2022,新店區,35682,19659
2022,樹林區,23859,13007
2022,鶯歌區,12027,6624
2022,三峽區,15782,7870
2022,淡水區,22746,12685
2022,汐止區,26702,14149
2022,瑞芳區,4629,2598
2022,土城區,31498,18485
2022,蘆洲區,27910,15247
2022,五股區,12972,7367
2022,泰山區,9738,5097
2022,林口區,14707,8672
2022,深坑區,3285,1677
2022,石碇區,901,372
2022,坪林區,758,345
2022,三芝區,2987,1382
2022,石門區,1547,716
2022,八里區,5789,2949
2022,平溪區,335,185
2022,雙溪區,824,387
2022,貢寮區,1183,580
2022,金山區,2762,1340
2022,萬里區,2506,1328
2022,烏來區,856,489
2023,新北市,478019,277884
2023,板橋區,60416,36132
2023,三重區,44278,26793
2023,中和區,45069,26528
2023,永和區,22574,12510
2023,新莊區,51256,30813
2023,新店區,34713,20137
2023,樹林區,22991,13050
2023,鶯歌區,11686,6626
2023,三峽區,15178,7956
2023,淡水區,22559,13115
2023,汐止區,26095,14558
2023,瑞芳區,4393,2537
2023,土城區,30089,18605
2023,蘆洲區,26850,15148
2023,五股區,12701,7438
2023,泰山區,9522,5206
2023,林口區,14669,8811
2023,深坑區,3201,1715
2023,石碇區,868,363
2023,坪林區,720,355
2023,三芝區,2859,1416
2023,石門區,1488,701
2023,八里區,5767,3066
2023,平溪區,306,177
2023,雙溪區,773,388
2023,貢寮區,1119,554
2023,金山區,2649,1386
2023,萬里區,2408,1310
2023,烏來區,822,490
2024,新北市,460995,278776
2024,板橋區,58423,35607
2024,三重區,42850,26877
2024,中和區,43593,26284
2024,永和區,21679,12373
2024,新莊區,49181,30687
2024,新店區,33461,20315
2024,樹林區,22033,12827
2024,鶯歌區,11311,6640
2024,三峽區,14637,8086
2024,淡水區,22351,13854
2024,汐止區,25132,14984
2024,瑞芳區,4173,2466
2024,土城區,28612,18525
2024,蘆洲區,25555,14960
2024,五股區,12310,7725
2024,泰山區,9304,5354
2024,林口區,14391,9071
2024,深坑區,3091,1751
2024,石碇區,863,351
2024,坪林區,701,344
2024,三芝區,2686,1503
2024,石門區,1360,702
2024,八里區,5636,3210
2024,平溪區,317,169
2024,雙溪區,709,392
2024,貢寮區,1059,562
2024,金山區,2493,1384
2024,萬里區,2305,1281
2024,烏來區,779,492
